,Year,Film,Cast,Director,Genre
0,1964,Aama (mother),"Shiva Shankar, Bhuvan Chand",Heera Singh Khatri,
1,1966,Maitighar (Birthplace[women's]),"Mala Sinha, C.P. Lohani",B.S. Thapa,
2,1967,"Hijo, Aaja, Bholi (Yesterday, Today, Tomarrow)","Mitra Lal Sharma, Bhuvan Chand",Heera Singh Khatri,
3,1971,Parivartan (Change),Yagya mirth Ghimire,Heera Singh Khatri,
4,1973,Mann Ko Bandh (Heart's stoppage),"Salyan K.C., Sushma Shahi",Prakash Thapa,
5,1977,Kumari (Living goddess),"Biswa Basnet, Chaitya Devi",Prem Bahadur Basnet,
6,1978,Paral Ko Aago (Straw's Flame),"Tanka Sharma, Susmita Dhakal, Basundhara Bhusal (debut)",Pratap Subba,
7,1980,Sindoor (Marriage symbol),"Meenaxi Anand, Biswa Basnet, Neer Shah",Prakash Thapa,
8,1980,Jeevan Rekha (Life Line),"Meenaxi Anand, Shiv Shrestha (debut)",,
9,1981,Bansuri (Flute),"Rakesh Pandey, Rajani Sharma, Tanka Sharma, Biswa Hingmang",Tulsi Ghimire,
10,1982,Juni (Incarnation),"Bhuwan K.C. (debut), Meenakshi Anand",Sarad Palekar,
11,1982,Bachana Chahane Haru (Those Who Want to Live),"Kiran Thakuri, Biswa Hingmang",Pratap Subba,
12,1982,Badalindo Aakash (The Changing Sky),"Shiv Shrestha, Sushma Shahi, Neer Shah",Laxminath Sharma,
13,1983,Samjhana (Memories),"Bhuwan K.C., Trupti Totlani Narodkar (debut), Muralidhar",Shambhu Pradhan,
14,1984,Kanchhi (Little Sister),"Shiv Shrestha, Sharmila Malla (debut), Sushma Shahi, Mausami Malla (debut)",B.S. Thapa,
15,1984,Adarsha Nari (Exemplary Woman),"Bijaya Lama, Ujwal Ghimire, Amsumala Shahi, Punam Lama",Hem Lama,
16,1985,"Ke Ghar Ke Dera (What's Home, What's Tenancy)","Puran Joshi (debut), Sharmila Malla, Madan Krishna Shrestha, Hari Bansha Acharya, Kristi Mainali (debut)",Pradeep Rimal,
17,1985,Kusume Rumal (Scarlet Handkerchief),"Bhuwan K.C., Trupti Totlani Narodkar, Udit Narayan (debut)",Tulsi Ghimire,
18,1985,"Basudev [
lord Vishnu]","Krishna Malla (debut), Sharmila Malla, Madan Krishna Shrestha, Hari Bansha Acharya, Neer Shah, Harihar Sharma",Neer Shah,
19,1986,Biswas (Faith),"Shiv Shrestha, Roshi Karki, Rajshri Chhetri",Chetan Karki,
20,1987,Saino (Relation),"Bhuwan K.C., Trupti Totlani Narodkar, Danny Denzongpa, Raksha Mark",Ugyen Chopel,
21,1988,Anyay (Injustice),"Meera Madhuri (debut), Biswa Basnet, Prakash Adhikari (debut)",Tulsi Ghimire,
22,1988,Jhodaa (Pair),"Banni Sharma, Tanka Sharma",Barun Kawasi,
23,1988,Maya Preeti (Love and Affection),"Ravindra Khadka, Sharmila Malla, Krishna Malla",Chetan Karki,
24,1988,Sahas (Courage),Shiv Shrestha,Giri Raj Lamichhane,
25,1989,Behuli (The Bride),"Sunita Khadka, Prakash Adhikari",Shambhu Pradhan,
26,1989,Bhagya Rekha (Line of Fate),"Rabindra Khadka, Mausami Malla",Deepak Rayamajhi,
27,1989,Santaan (Offspring),"Bhuwan K.C., Arjun Jung Shahi (debut), Ujwal Ghimire, Karishma Manandhar (debut), Gauri Malla (debut), Shanti Maskey, Kristi Mainali",Prakash Thapa,
28,1989,Lahure (The Armyman),"Shrawan Ghimire, Trupti Totlanii Narodkar",Tulsi Ghimire,
29,1990,Mayalu (Beloved),"Bhuwan K.C., Karishma Manandhar",Giri Raj Lamichhane,
30,1990,Pariwar (Family),"Bhuwan K.C., Ashok Sharma, Kristi K.C. (Mainali), Mithila Sharma, Nir Shaha, Madan Das Shrestha, Sushila Rayamajhi",Raj Kumar Sharma,
31,1990,Cheli Beti (Girls/Daughters),"Gauri Malla, Sharmila Malla, Arjun Jung Sahi, Mithila Sharma",Yadav Kharel,
32,1990,Pheri Bhetaula (We Shall Meet Again),"Manisha Koirala, Prakash Adhikari",Phurpa Chiring Gurung,
33,1990,Tilhari (symbol of marriage),"Bhuwan K.C., Mausami Malla, Kristi Mainali",Giri Raj Lamichhane,
34,1991,Bijaya Parajaya (Victory-Defeat),"Bhuwan K.C., Krsihna Malla, Brazesh Khanal, Sharmila Malla, Saroj Khanal, Rupa Rana, Teeka Pahari",Rajendra Shalabh,
35,1991,Chino (Souvenir),"Bhuwan K.C., Shiv Shrestha, Kristi Mainali, Sharmila Malla, Subhadra Adhikari, Sinaura Mistry, Anoop Malla and Sushila Raymajhi",Tulsi Ghimire,
36,1991,Chot (Wound),"Saroj Khanal, Rupa Rana, Gauri Malla",Subodh Kumar Pokharel,
37,1991,Lobhi Paapi (Greedy Sinner),"Gauri Malla, Madan Krishna Shrestha, Hari Bansha Acharya",Yadav Kharel,
38,1991,The Friend,,Sanjay Pradhan,
39,1991,Kanyadan (Bride give away to Groom),"Gauri Malla, Bhuwan K.C.",Prakash,
40,1991,Sampati (Property),"Mausami Malla, Arjun Shrestha",Shambhu Pradhan,
41,1991,Trishna (Thirst),"Bhuwan K.C., Rupa Rana, Muralidhar",Ugyen Chopel,
42,1991,Yug Dekhi Yug Samma (From Era to Era),"Rajesh Hamal (debut), Kristi Mainali",Deepak Rayamajhi,
43,1992,Arpan (Offering),"Arjun Shrestha, Bhuwan K.C., Kristi Mainali",Rajkumar Sharma,
44,1992,Arunima [Girl's Name],"Saroj Khanal, Kristi Mainali, Karishma Manandhar, Arjun Shrestha, Mausami Malla",Mahendra Bhakta Shrestha,
45,1992,Chokho Maaya (Pure Love),"Saroj Khanal, Kristi Mainali, Bijaya Lama",Raj Bikram Shah,
46,1992,Dui Thopa Aansoo (Two Drops of Tears),"Bhuwan K.C., Shrawan Ghimire, Anuradha Sawant",Tulsi Ghimire,
47,1992,Kastoori (Musk),Karishma Manandhar,Kiran Pradhan,
48,1992,Maya (Love),"Bhuwan K.C., Puran Joshi, Nabina Shrestha, Mausami Malla, Mithila Sharma",Pradeep Rimal,
49,1992,Bhauju (Sister in Law),"Rajesh Hamal, Karishma, Neer Shah, Karishma Manandhar",Rajendra Shalav,
50,1992,Tapasya (Prayer),"Saroj Khanal, Gauri Malla, Beena Basnet, Karishma Manandhar",Narayan Puri,
51,1993,Aandhi Beri (The Storm),"Gauri Malla, Binod Kharel",Yadav Kharel,
52,1993,Adhikar (The Right),"Rajesh Hamal, Kristi Mainali, Mithila Sharma",Prakash Thapa,
53,1993,Jhuma [Typical Nepali lady],"Mausami Malla, Arjun Shrestha",Pradeep Upadhay,
54,1993,Koseli (The Gift),"Trupti Totlani Narodkar, Krishna Malla, Bharati Ghimire, Shrawan Ghimire, Bijaya Lama",Tulsi Ghimire,
55,1993,Manakamana (A Heart's Desire),"Shiv Shrestha, Karishma Manandhar",Subodh Kumar Pokharel,
56,1993,Milan (Meeting),"Shiv Shrestha, Karishma Manandhar, Brazesh Khanal, Melina Manandhar",Laxminath Sharma,
57,1993,Priyasi (Girlfriend),"Melina Manandhar (debut), Kiran Pratap K.C.",Deepak Rayamajhi,
58,1993,Sankalpa (Decision),"Bhuwan K.C., Krishna Malla, Sharmila Malla, Kristi Mainali, Shiv Shrestha",Shyam Rai,
59,1994,Bhauju (Sister-in-Law),"Rajesh Hamal, Karishma Manandhar",Rajendra Shalabh,
60,1994,Deuki [Goddess],"Rajesh Hamal, Mausami Malla",Banni Pradhan,
61,1994,Deuta (God),"Rajesh Hamal, Srijana Basnet (debut), Shrawan Ghimire",Tulsi Ghimire,
62,1994,Chatyang (Lightning),"Rajesh Hamal, Gauri Malla",Giri Raj Lamichhane,
63,1994,Kasam (The Promise),"Rajesh Hamal, Kristi Mainali, Mausami Malla",Deepak Rayamajhi,
64,1994,Naata (Relation),"Bhuwan K.C., Gauri Malla, Shree Krishna Shrestha, Ashok Sharma",Biswa Banet,
65,1994,Sapana (Dream),"Bhuwan K.C., Shiv Shrestha, Karishma Manandhar, Mausami Malla",Sambhu Pradhan,
66,1994,Aparadh (Crime),"Rajesh Hamal, Kristi Mainali, Melina Manandhar",Amar Rasilee,
67,1994,Badal (Cloud),"Bhuwan K.C., Krishna Malla, Sharmila Malla, Bina Basnet",Krishna Malla,
68,1994,Chahana (A Desire),"Rajesh Hamal, Sunil Thapa, Karisma Manandhar, Santosh Panta, Saroj Khanal",Sheetal Nepal,
69,1994,Cheli (A Girl),"Mausami Malla, Dhiren Shakya",Raju Dhowj Rana,
70,1994,Dakshina (Tribute),"Bhuwan K.C., Niruta Singh (debut)",Tulsi Ghimire,
71,1994,Dushman (Enemy),"Kiran Pratap, Saroj Khanal, Mausami Malla, Rupa Rana",Badri Adhikari,
72,1994,Janma Janma (One Life to Another),"Saroj Khanal, Dhiren Shahkya",Sheetal Nepal,
73,1994,Jhajhalko (Remembrances),"Shiv Shrestha, Gauri Malla, Kristi Mainali, Shree Krishna Shrestha (debut)",Gagan Birahi,
74,1994,Pahilo Prem (First Love),,Chetan Karki,
75,1994,Sadak (Road),"Rajesh Hamal, Saroj Khanal, Sunny Runiyar",Tirth Thapa,
76,1994,Paribhasa (Definition),"Rajesh Hamal, Saroj Khanal, Karishma Manandhar",Rajendra Shalabh,
77,1994,Prem Puja (Praising of Love),Dhiren Shakya,Raju Dhowj Rana,
78,1994,Prithvi (World),"Rajesh Hamal, Srijana Basnet, Mausami Malla",Prakash Sayami,
79,1994,Rakchaya (Protection),,Prem Baniya,
80,1994,Sannani (A Small Girl),"Saroj Khanal, Anita Silwal",Narayan Puri,
81,1994,Saubhagye (Good Luck),"Dhiren Shakya, Mausami Malla, Rupa Rana",Madhav Sapkota,
82,1994,Sauta (2nd Wife),"Bhuwan K.C., Karishma Manandhar, Bina Basnet",Narayn Puri,
83,1994,Shanti Deep (Light of Peace),"Puran Joshi, Arjun Jung Shahi, Nabina Shrestha, Mithila Sharma",Royal Nepal Film Corporation,
84,1994,Mahadevi (Main Goddess),"Bhuwan K.C., Karishma Manandhar",Narayan Puri,
85,1994,Swarga (Heaven),"Shiva Shreshtha, Neer Shah, Arjun Shrestha, Gauri Malla",Sambhu Pradhan,
86,1994,Truck Driver {गाडि चालक},"Shiv Shrestha, Karishma Manandhar, Bijay Lama",Raj Kumar Sharma,
87,1994,Tuhuro (Orphan),"Bhuwan K.C., Srijana Basnet, Mausami Malla, Dinesh Sharma (actor)",,
88,1995,Daju Bhai (Brothers),"Bhuwan K.C., Shree Krishna Shrestha, Mausami Malla",Banni Pradhan,
89,1995,Dharma (Religion),,Amar Rasilee,
90,1995,Jaali Rumal (The Knitted Handkerchief),"Shree Krishna Shrestha, Melina Manandhar, Sudhamshu Joshi",Anish Koirala,
91,1995,Janma Bhoomi (Motherland),Bipana Thapa (debut),Mohan Niraula,
92,1995,Jeevan Sangharsha (Struggles of Life),"Rajesh Hamal, Mithila Sharma",,
93,1995,Jwala (Flame),Rajesh Hamal,Mukunda Bastakoti,
94,1995,Karja (Debt),"Dhiren Shakya, Kristi Mainali, Ganesh Upreti",Kishore Rana,
95,1995,Maha Maya (Greatest Love),"Shiv Shrestha, Saroj Khanal, Gauri Malla, Mithila Sharma",Prakash Thapa,
96,1995,Mohani (Fatal Attraction),"Ganesh Upreti, Bina Basnet, Saroj Khanal",Ramesh Budathoki,
97,1995,Prem Pinda (Love),"Saroj Khanal, Sani Rauniyar (debut), Melina Manandhar, Neer Shah",Yadav Kharel,
98,1995,Rajamati [ Ancient Newari girl of Beauty ],"Shree Krishna Shrestha, Maniraj Lawat, Hisila Maharjan",Neer Shah,
99,1995,Ragat (Blood),"Saroj Khanal, Bipana Thapa, Bina Basnet, Anita Silwal",Narayan Puri,
100,1995,Sarangi [Typical Nepali musical Instrument],"Saroj Khanal, Brazesh Khanal, Karishma Manandhar, Saranga Shrestha, Teeka Pahari",Laxminath Sharma,
101,1995,Sarswati [Goddess of Knowledge],"Shiva Shrestha, Sunil Thapa, Gauri Malla",Sambhu Pradhan,
102,1995,Simana (Border),"Rajesh Hamal, Dhiren Shakya, Melina Manandhar",Prakash Sayami,
103,1996,Aaghat (Trauma),"Kristi Mainali, Bhuwan K.C., Shree Krishna Shrestha",Anish Koirala,
104,1996,"""Aafno Birano"" (Native Foreigner)","Rajesh Hamal, Shreekrishna Shrestha, Shrisha Karki",,
105,1996,Avatar (Incarnation),"Rajesh Hamal, Gauri Malla, Jal Shah (debut)",Prakash Sayami,
106,1996,Agni Parichya (The Fire Test),"Rajesh Hamal, Bipana Thapa",Surya Bohra,
107,1996,Anartha (Wrong Meaning),,Kundan Khanal,
108,1996,Andolan (Strike),"Karishma Manandhar, Dinesh Sharma",Tirtha Thapa,
109,1996,Balidan (Offering),"Madan Krishna Shrestha, Hari Bansa Acharya",Tulsi Ghimire,
110,1996,Bandhan (Imprison),"Rajesh Hamal, Karishma Manandhar, Melina Manandhar, Dinesh Sharma",Resh Raj Acharya,
111,1996,Bhariya (Sky Hop),"Rajesh Hamal, Melina Manandhar",Daya Ram Dahal,
112,1996,Chhori Buhari (Daughter Daughter-in-law),"Rajesh Hamal, Pooja Chand",Laxminath Sharma,
113,1996,Chunauti (Challenge),"Saroj Khanal, Shree Krishna Shrestha, Bipana Thapa",Naresh Kumar Poudel,
114,1996,Daijo (Dowry),"Bhuwan K.C., Melina Manandhar",Daya Ram Dahal,
115,1996,Jaya Baba Pashupati Nath (Hail Father Pashupati Nath),"Saroj Khanal, Sudhamshu Joshi",Satish Kumar,
116,1996,Laxmi Puja (Goddess Laxmi worship),"Kristi Mainali, Ganesh Upreti, Shree Krishna Shrestha",,
117,1996,Karodpati (Millionaire),"Bhuwan K.C., Sushmita K.C.",Kishore Rana,
118,1996,Nirmaya,"Shree Krishna Shrestha, Saranga Shrestha",Narayan Puri,
119,1996,Nirmohi,"Dinesh Sharma, Jal Shah, Saroj Khanal",Nayan Raj Pandey,
120,1996,Paachuri (Sawl),"Shiv Shrestha, Bhuwan K.C., Kristi Mainali, Nabina Shrestha",Banni Pradhan,
121,1996,Prateeksha (Waiting),Karishma Manandhar,Raj Bikram Shah,
122,1996,Raanko,"Shiv Shrestha, Bhuwan K.C., Gauri Malla, Mithila Sharma, Bijaya Lama, Kristi Mainali",Kishore Rana,
123,1996,Rahar (Wish),Niruta Singh,Tulsi Ghimire,
124,1996,Sun Chandi (Gold Silver),"Shree Krishna Shrestha, Saranga Shrestha",Sambhu Pradhan,
125,1996,Gothalo (Cowboy),"Krishna Malla, Sarmila Malla, Saroj Khanal, Shree Krishna Shrestha",Ujwal Ghimire,
126,1996,Yo Maya Le Launa Satayo (This love irritated me),,Deepak Rayamajhi,
127,1997,Allare,"Rajesh Hamal, Karishma Manandhar, Ashok Sharma, Shrisha Karki",Ashok Sharma,
128,1997,Bishalu,,Dev Kuamr Shrestha,
129,1997,Chandal[12],"Rajesh Hamal, Karishma Manandhar, Anita Silwal",Arun Kumar Jha,
130,1997,Chahaari,,,
131,1997,Daiba Sanyog,"Manju Kumar Shrestha, Sunny Rauniyar",,
132,1997,Dauntari,,,
133,1997,Des Pardes,"Dhiren Shakya, Karishma Manandhar",Yuva Raj Lama,
134,1997,Deurali,,Yuva Raj Lama,
135,1997,Guru Chela,"Shree Krishna Shrestha, Saranga Shrestha",,
136,1997,Ishwor,"Shiva Shrestha, Jal Shah",,
137,1997,Jalan,Dinesh Sharma,Mukunda Bastakoti,
138,1997,Jameen,"Dhiren Shakya, Bipana Thapa",,
139,1997,Jun Tara,"Rajesh Hamal, Dhiren Shakya, Neer Shah",Ramesh Budathoki,
140,1997,Khelauna,,Yuva Raj Lama,
141,1997,Miteri Gaun,"Shiv Shrestha, Pooja Chand, Pabitra Subba",Gagan Birahi,
142,1997,Naaso,"Shiv Shrestha, Karishma Manandhar, Saranga Shrestha",Yadav Kharel,
143,1997,Pocketmaar,"Dinesh Sharma, Shree Krishna Shrestha",Raju Dhowj Rana,
144,1997,Parai Ghar,"Jal Shah, Ramesh Upreti",Deepak Rayamajhi,
145,1997,Rajkumar,"Dhiren Shakya, Karishma Manandhar, Pooja Chand",,
146,1997,Bandhan,"Dinesh Sharma, Rajesh Hamal, Karishma Manandhar, Melina Manandhar",Resh Raj Acharya,
147,1997,Seema Rekha,"Sanu Baba, Sudhamshu Joshi",Rajani Rana,
148,1997,Shankar,"Rajesh Hamal, Jal Shah, Bipana Thapa",Narayan Puri,
149,1998,Ansha Banda,,Suraj Subba,
150,1998,Malati,"Dinesh Sharma, Shiv Shrestha",Anil Sangraula,
151,1998,Bahadur,,Ashok Shrestha,
152,1998,Bhanu Bhakta,"Dilip Rayamajhi (debut), Anita Silwal (debut)",Yadav Kharel,
153,1998,Chamatkar,,,
154,1998,Chor,"Rajesh Hamal, Bipana Thapa",Raj Kumar Sharma,
155,1998,Devdut (God's Messenger),"Shree Krishna Shrestha, Bipana Thapa, Ramesh Upretti, Yubaraj Lama",Yuva Raj Lama,
156,1998,Dulaha Raja Dulahi Rani,Bipana Thapa,Yuva Raja Lama,
157,1998,Filim,,"Madan Krishna Shrestha, Hari Bansa Acharya",
158,1998,Gaunle,"Rajesh Hamal, Bipana Thapa",Deepak Shrestha,
159,1998,Ghaam Chayan,,Kishore Rana,
160,1998,Jeet,"Shree Krishna Shrestha, Bipana Thapa, Ramesh Upreti",Laxminath Sharma,
161,1998,Mr Ram Krishne,"Rajesh Hamal, Karishma Manandhar, Ashok Sharma, Saranga Shrestha",Ashok Sharma,
162,1998,Nayak,,Manju Kumar Shrestha,
163,1998,Pardesi,,,
164,1998,Pardesi Kancha,"Rajesh Hamal, Karishma Manandhar",,
165,1998,Rana Bhoomi,,Aakash Adhikari,
166,1998,Rani Khola,"Melina Manandhar, Bipana Thapa",,
167,1998,Saathi,Rajesh Hamal,,
168,1998,Sagun,"Shiv Shrestha, Bipana Thapa",,
169,1998,Kasto Samjhauta,,Deepak Rayamajhi,
170,1998,Shikhar,"Shree Krishna Shrestha, Shyaroon Sherpa",Gagan Birahi,
171,1998,Sindur Pote,,Raju Dhowj Rana,
172,1998,Suraksha,"Dinesh Sharma, Niruta Singh, Sunil Thapa",Armit Sharma,
173,1998,The Commando,,JayBee Rai,
174,1998,Thuldai,"Shiv Shrestha, Jal Shah, Niruta Singh",Dayaram Dahal,
175,1999,Afanta,"Niruta Singh, Shree Krishna Shrestha",Shiva Regmi,
176,1999,Apsara,"Bipana Thapa, Sanchita Luitel (debut), Ramesh Upreti",,
177,1999,Awara,,Bijaya Thapa,
178,1999,Bhai,Sushil Chhetri (debut),Deepak Shrestha,
179,1999,Chalachitra,,Biswa Basnet,
180,1999,Chameli,,Ravi Baral,
181,1999,Nepali Babu,"Dinesh Sharma, Bhuwan KC, Sunil Thapa",Yugen Chhopel,
182,1999,Chandani,"Rajesh Hamal, Niruta Singh",Daya Ram Dahal,
183,1999,Chhori Buhari,"Rajesh Hamal,Puja Chand, Nir Shah,Sunil Thapa",Laxmikant Sharma,
184,1999,Dharam Sankat,Rajesh Hamal,Resh Raj Acharya,
185,1999,Dharmaputra,"Dinesh Sharma, Rajesh Hamal, Niruta Singh",Yuva Raj Lama,
186,1999,Dodhar,"Arjun Shrestha, Jal Shah, Ramesh Upreti, Niruta Singh, Tika Pahari",Narendra Shrestha,
187,1999,Ek Number Ko Pakhe,"Rajesh Hamal, Karishma Manandhar, Jal Shah, Neer Shah, Dinesh DC",Kishore Rana,
188,1999,Gorkhali,"Sree Krishna Shrestha, Jharana Thapa",Gyanendra Deuja,
189,1999,Hathiyar,"Jharna Bajracharya, Karisma Manandhar, Lokendra Karki, Simanta Udas",Prakash Sayami,
190,1999,Himalaya  (Caravan) official entry for the Oscars,,,
191,1999,Jange,,Daya Ram Dahal,
192,1999,Kancha,"Rajesh Hamal, Karishma Manandhar",Surya Bohra,
193,1999,Mato Bolcha,"Rajesh Hamal, Bipana Thapa, Dinesh Sharma, Melina Manandhar",Resh Raj Acharya,
194,1999,Maute Dai,"Yuva Raj Lama, Ramesh Upreti, Jala Shah",Yuva Raj Lama,
195,1999,Nagad Narayan,"Ramesh Upreti, Rajesh Hamal, Raj Acharya",Resh Raj Acharya,
196,1999,Nata Ragat Ko,"Niruta Singh, Ganesh Upreti, Shree Krishna Shrestha, Jal Shah",,
197,1999,Pareli,,Deepak Rayamajhi,
198,1999,Sukumbasi,"Sunildutta Pandey, Rajesh Hamal",Sagar Ghimire,
199,1999,Timinai Basyau Mero Manma,"Dinesh Sharma, Jal Shah, Sunil Thapa",Banni Pradhan,
200,2000,Aago,"Sushil Chhetri, Bipana Thapa, Niruta Singh",Narayan Puri,
201,2000,Basanti,"Rajesh Hamal, Karishma Manandhar, Gauri Malla",Neer Shah,
202,2000,Dhuk Dhuki,"Rajesh Hamal, Karishma Manandhar",,
203,2000,Jindagani,"Rajesh Hamal, Karishma Manandhar",Ujwal Ghimire,
204,2000,Mukundo,"Gauri Malla, Mithila Sharma",,
205,2000,Mann Mero Mandaina,"Dinesh Sharma, Bipana Thapa",Desh Bhakta Khanal,
206,2000,Tan Ta Sarai Bigris Ni Badri,"Bhuwan K.C., Sushmita K. C., Bipana Thapa, Hari Bansha Acharya",,
207,2000,Upkaar,"Rajesh Hamal, Karishma Manandhar, Shree Krishna Shrestha, Niruta Singh, Mithila Sharma
Sajjal Pant  (Child artist)",Kishore Rana,
208,2000,Shahar,"Dinesh Sharma, Puja Chand",Suman Sarkar,
209,2000,Anjanai maa Maya Basla hai,"Dinesh Sharma, Dilip Raymajhi",Chandra Prakash,
210,2001,Aafno Manchhe,"Bipana Thapa, Dilip Rayamajhi, Shree Krishna Shrestha, Niruta Singh Rejina Uprety",Shiva Regmi,
211,2001,Aashirbad,"Dinesh Sharma, Ram Krishna Dhakal, Rajesh Hamal, Jal Shah, Sanchita Luitel",Sambhu Pradhan,
212,2001,Afno Ghar Afno Manche,,Narayan Puri,
213,2001,Ladai,"Dinesh Sharma, Sushil Chhetri",Badri Adhikari,
214,2001,Army (2001 film),"Dinesh Sharma, Lokendra Karki, Jal Shah",Shovit Basnet,
215,2001,Badal Paree,"Bhuwan K.C., Jal Shah, Neer Shah",Ugyen Chopel,
216,2001,Beimani,"Shiva Shrestha, Shrisha Karki, Shree Krishna Shrestha, Bipana Thapa",Bijay Chalise,
217,2001,Bihani,,,
218,2001,Buhari,"Shree krishna Shrestha, Sunil Thapa, Neer Shah",,
219,2001,Daag,"Dinesh Sharma, Dhiren Shakya, Jal Shah, Rajani Rana",,
220,2001,Daiva Sanjog,,Manju Kumar Shrestha,
221,2001,Darpan Chaya,"Niruta Singh, Uttam Pradhan, Tulsi Ghimire, Dilip Rayamajhi",Tulsi Ghimire,
222,2001,Gaajal,"Ramesh Uprety, Bipana Thapa, Sushil Chhetri",K P Pathak,
223,2001,Gaunthali,,Dr.Bhola Rijal,
224,2001,Haudey,"Dinesh Sharma, Ishwor Shrestha",Suraj Subba,
225,2001,Jeevan Saathi,,Deepak Shrestha,
226,2001,Kaidi,"Dhiren Shakya, Kshitiza Shakya, Shrisha Karki",Manoj Khadka,
227,2001,Ke Bho Lau Na Ni,"Dinesh Sharma, Anupama Koirala, Sushil Chhetri, Shiva Shrestha",Anish Koirala,
228,2001,Manai Ta Ho,,"Bipana Thapa, Nawal Khadka, Ramesh Upreti",
229,2001,Maya Baiguni,"Rajesh Hamal, Dhiren Shakya, Simanta Udash, Bina Basnet, Shrisha Karki",Subhash Gajurel,
230,2001,Maya Ko Saino,,Resh Raj Aacharya,
231,2001,Natedar,"Shiva Shrestha, Puja Chand, Dilip Raimajhi",Mukunda Bastakoti,
232,2001,Nepal Pyaro Chha,"Dinesh Sharma, Rajesh Hamal, Jal Shah, Ramesh Upreti",Sambhu Pradhan,
233,2001,Numafung,Alok Nembang,Nabin Subba,
234,2001,Pirati Aafai Hudon Rahechha,,Raju Dhowj Rana,
235,2001,Siudo Ko Sindoor,"Rajesh Hamal, Niruta Singh, Jharana Bajracharya, Neer Shah, Ratan Subedi, Basundhara Bhushal",Manju Kumar Shrestha,
236,2001,SuperStar,"Bhuwan K.C., Sushmita K. C.",Anish Koirala,
237,2001,Timrai Lagi,,Uday Subba,
238,2001,Kasto Saino,Rajesh Hamal,Madan Ghimire,
239,2001,Yo Maya Ko Sagar,"Jal Shah, Ramesh Upreti",Ashok Sharma,
240,2002,Susmita Ko Life,"Niruta Singh, Uttam Pradhan",Deepak Shrestha,
241,2002,Maya Baiguni,"Dhiraj Shrestha, Bina Budhathoki, Shrisha Karki",Subash Gajurel,
242,2002,Anjuli,,,
243,2002,Baacha Bandhan,"Dhiren Shakya, Shrisha Karki, Shanti Maskey, Basundhara Bhusal, Rajaram Paudel",,
244,2002,Babu Saheb,"Bhuwan K.C., Karishma Manandhar, Sushmita K.C.",Ramesh Budathoki,
245,2002,Bakshish,,,
246,2002,Bhagya Le Jurayo,"Rajesh Hamal, Rejina Uprety",Resh Raj Acharya,
247,2002,Bhai Tika,,Laxmi Nath Sharma,
248,2002,Bir Ganeshman,Manoj RC,"Sahajman Shrestha, Bijayratna Tuladhar",
249,2002,Dhan Sampati,"Dilip Rayamajhi, Rejina Uprety",,
250,2002,Hateri,"Rajesh Hamal, Rejina Uprety, Puja Chand",,
251,2002,Khandan,"Rajesh Hamal, Niruta Singh, Rejina Uprety, Sushil Chhetri",Yuva Raj Lama,
252,2002,Maan,"Dinesh Sharma, Rejina Uprety, Uttam Pradhan, Jay Kishan Basnet",Sovit Basnet,
253,2002,Malai Maaf Garidau,,Bijay Thapa,
254,2002,Malati,"Dinesh Sharma, Shiva Shrestha, Jal Shah, Shrisha Karki",Anil Sangraula,
255,2002,Mama Bhanja,,,
256,2002,Mamaghar,"Shiv Shrestha, Gauri Malla, Dilip Rayamajhi, Melina Manandhar",,
257,2002,Man Mandir,,,
258,2002,Maya Namara,,,
259,2002,Melong,,,
260,2002,Mitini,"Bipana Thapa, Dilip Rayamajhi",Anish Koirala,
261,2002,Mohani Lagla Hai,,Kundan Khanal,
262,2002,Muskan,"Bipana Thapa, Sushil Chhetri, Dilip Rayamajhi Rejina Uprety",Yuvaraj Lama,
263,2002,Pheri Timro Yaad Aayo,,Ramesh Budathoki,
264,2002,Pijanda,"Nikhil Upreti (debut), Niruta Singh",,
265,2002,Pooja,,Deepak Rayamajhi,
266,2002,"Rickshaw Puller, The",,,
267,2002,Sahid Gate,,Raj Kumar Sharma,
268,2002,Santan Ko Maya,"Dinesh Sharma, Rajesh Hamal, Sarita Lamichhane, Puja Chand",Kishore Rana,
269,2002,Sanyas,"Rajesh Hamal, Gauri Malla, Jal Shah, Rejina Uprety",Shambhu Pradhan,
270,2002,Shadhyantra,,Suneel Pandey,
271,2002,Yestai Rahecha Jindagi,,Biswa Basnet,
272,2002,Andhi Tufan,"Dinesh Sharma, Richa Ghimire",,
273,2002,Santan Thari Thari Ka,"Dinesh Sharma, Dilip Ray Majhi",,
274,2002,Ye Mero Hajur,"Shree Krishna Shrestha, Jharna Thapa",Shiva Regmi,
275,2003,Je Bho Ramrai Bho,"Hari Bansha Acharya, Rajesh Hamal, Jal Shah, Madan Krishna Shrestha",Hari Bansha Acharya,
276,2003,Jetho Kancha,"Shiv Shrestha Rajesh Hamal, Jal Shah",Dayaram Dahal,
277,2003,Muna Madan,"Deepak Tripathi, Usha Paudel",Gyanendra Bahadur Deuja,
278,2003,Bhagya,"Dinesh Sharma, Nikhil Upreti",Prakash Bhattarai,
279,2003,Shukha Dukha,"Madan Krishna Shrestha, Mithila Sharma, Shree Krishna Shrestha, Jharana Thapa",Shiva Regmi,
280,2003,Upahar,"Niruta Singh, Uttam Pradhan, Sushil Chhetri",Shiva Regmi,
281,2003,Sangram,"Dinesh Sharma, Melina Manandhar",Mahendra Budhathoki,
282,2003,Dhadkan,"Dinesh Sharma, Nikhil Upreti, Rekha Thapa",Naresh Poudyal,
283,2004,Haami Teen Bhai,"Rajesh Hamal, Shree Krishna Shrestha, Nikhil Upreti, Jharana Thapa, Rekha Thapa",Shiva Regmi,
284,2004,Lakshya,"Manoj RC, Uttam Pradhan, Sushmita Karki, Noyo Singh",Manoj Pandit,
285,2004,Krishna Arjun,"Dinesh Sharma, Rajesh Hamal",Deepak Shrestha,
286,2004,Muglan,"Jharna Thapa, Dilip Rayamajhi, Bipana Thapa",,
287,2004,Pareni Maya Jalaima,"Dilip Rayamajhi, Uttam Pradhan, Jharana Bajracharya, Mitthila Sharma, Sunil Thapa",Prithvi Rana and Ram Saran Ghimire,
288,2004,Bhagya Bidhata,"Dinesh Sharma, Rajesh Hamal, Rupa Rana",Dayaram Dahal,
289,2004,Jwalamukhi,Mahendra Budhathoki,,
290,2005,Basain,"Mukunda Bastakoti, Ranju Lamichhane, Uttam Pradhan, Mithila Sharma, Ganesh Upreti",Subash Gajurel,
291,2005,Abhimanyu,"Dinesh Sharma, Nikhil Upreti",Naresh Poudyal,
292,2006,Alpaviram,,,
293,2006,Duniya,"Dinesh Sharma, Nikhil Upreti",Shiva Regmi,
294,2006,Karma,,,
295,2006,Krodh,"Nikhil Upreti, Akash Adhikari, Jal Shah, Rekha Thapa, Usha Paudel, Dinesh Sharma",,
296,2006,Maanis,"Bhuwan K.C, Nikhil Uprety, Bipana Thapa, Rejina Uprety",Shiva Regmi,
297,2006,Matina La Ana He Du,"Suraj Shakya, Ashishma Nakarmi",Subhash Ram Prajapati,
298,2006,Parai ko ghar,"Suraj Shakya, Ashishma Nakarmi",Subhash Ram Prajapati,
299,2007,Ram Balram,Shree Krishna Shrestha,,
300,2007,Antya,"Dinesh Sharma, Usha Poudel",Basudev Pokharel,
301,2007,Yuddha,,,
302,2007,Paapi Manchhe,"Dinesh Sharma, Nikhil Upreti",Deepak Shrestha,
303,2007,Ma Maya Garchhu,"Dinesh Sharma, Rajesh Hamal, Ayush Rijal",Raj Shakya,
304,2008,Himmat,"Dinesh Sharma, Rekha Thapa",,
305,2008,Sandesh,"Rejina Uprety, Biraj Bhatta, Sushil Chhetri, Rekha Thapa, Sovita Simkhada",Pramod Bhandari,
306,2008,Aafno Manche Aafnai Hunchha (Own are own),"Biraj Bhatta, Rekha tThapa, Arunima, Suman Singh",,
307,2008,Bastabikta (Reality),,,
308,2008,Batuli,"Rajesh Hamal, Rekha Thapa, Biraj Bhatt",,
309,2008,The Nirmala,Dinesh Sharma Pujana Pradhan,Raju Adhikari (film director),
310,2008,Daag (Scar),,,
311,2008,Iku - The Jungle Man,"Suleman Shankar, Usha Rajak",,
312,2008,Kagbeni,"Nima Rumba, Saugat Malla, Deeya Maskey",Bhusan Dahal,
313,2008,Pahilo Pahilo Maya (First First Love),"Raj Ballav, Yuna Upreti",,
314,2008,Pratighat,"Dinesh Sharma, Prerana Sharma, Rakshanda Sharma",Basudev Pokharel,
315,2008,Sano Sansar (Small World),"Mahesh Shakya, Jivan Luitel (debut), Namrata Shrestha (debut)",Alok Nembang,
316,2008,Karnabir,"Rajesh Hamal, Rejina Uprety, Rekha Thapa, Jaikishan Basnet,",Shovit Basnet,
317,2008,Kismat,"Biraj bhatta, Rekha Thapa, Aryan Sigdel (Debutant), Rajaram Paudel",Ujwal Ghimire,
318,2008,Ma Timi Bina Marihalchhu (I will die without you),"Bhuwan K.C., Jharana Thapa, Sushmita K.C.",Dayaram Dahal,
319,2008,Kaslai diu yo Jowan (Whom to give this body),"Dilip Rayamajhi, Melina Manandhar, Jharna Thapa, Nikhil Upreti",,
320,2008,Mission Paisa (Misson Money),"Nikhil Upreti, Amir Gautam, Nisha Adhikari",Simos Sunwar,
321,2008,Salam chha Mayalai (Salute to Love),,,
322,2008,Takkar Dui Mutu Ko (Challenge of two heart),,,
323,2009,Arjun Dev,"Biraj Bhatta, Rejina Uprety, Garima Pant",Shiva Regmi,
324,2009,Bish (Poison),"Rajesh Hamal, Rejina Uprety, Richa Ghimire, Sanchita Luitel, Nikhil Uprety",,
325,2009,RAAJ,"Biraj bhatta, Rejina Uprety, Shiva Shrestha, Ramit Dhungana",Bijaya Gopal Dali,
326,2009,Chodi Gaye Paap Lagla (If you leave than you may get sin),"Raj Ballav Koirala, Biraj Bhatta, Richa Ghimire, Sanchita Luitel",Ujwal Ghimire,
327,2009,Dhum,"Biraj Bhatta, Ramit Dhungana, Rejina Uprety, Arjun Karki,",Shobhit Basnet,
328,2009,Deewanapan (Craziness),"Dinesh Sharma, Arunima Lamsal, Raj Ballav Koirala",Krishna Chapagain,
329,2009,Gorkha Rachhayak (Gorkha Saviour),,Giri Raj Lamichhane,
330,2009,Itihaas (History),"Biraj Bhatta, Rejina Uprety, Rekha Thapa",,
331,2009,Izzatdar (Respectful),"Dinesh Sharma, Rajesh Hamal, Biraj Bhatta, Arjun Karki",Krishna Chapagain,
332,2009,Jay Shiva Shankar (Hail Shiv Shankhar),"Rajesh Hamal, Nikhil Upreti, Rejina Uprety, Rajesh Dhungana, Biraj Bhatt",Rajendra Upreti,
333,2009,Jindagi (Life),,,
334,2009,Jeewan Mrityu (Life Death),"Nikhil Upreti, Ramit Dhungana, Garima Pant",Ramesh Budhathoki,
335,2009,Jungbaaz (Warrior),"Rajesh Hamal, Gauri Malla, Rushma Rai, Sunil Thapa, Ashok Sharma, Yuvaraj Lama",,
336,2009,Kohi Mero,"Dinesh Sharma, Jharana Bajracharya",Alok Nengbang,
337,2009,Kahan Bhetiyela (Where may I meet?),"Shree Krishna Shrestha, Niruta Singh",Shiva Regmi,
338,2009,Kahan Chau Kahan (Where are You Where),"Jharana Thapa, Biraj Bhatta, Govind Shahi, Ganesh Upreti",Dayaram Dahal,
339,2009,Dhunge Youg (STONE ERA),"Dil Krishna Shrestha, Sabina",Madhab Raj Kharel,
340,2009,Kusume Rumal 2 (Scarlet Handkerchief 2),"Niraj Baral, Rejina Upreti Usha Rajak, Rubi Bhattarai, Tripti Nadakar",Nirak Poudel,
341,2009,Mahan (Great),"Dinesh Sharma, Biraj Bhatta, Jharana Thapa, Jaykishan Basnet",Krishna Chapagain,
342,2009,Mero Euta Saathi Cha (I Have one friend),"Aryan Sigdel, Namrata Shrestha",Sudarshan Thapa,
343,2009,Mission Love In Sikkim,"Bikrant Basnet, Rushma Rai",Sovit Basnet,
344,2009,Mr Mangale,"Biren Shrestha, Rekha Thapa",,
345,2009,Naina Resham (Silk of eye),"Biraj Bhatt, Nisha Adhikari",,
346,2009,Naseeb Afno (Own Luck),,Bikas Acharya,
347,2009,Nepali Veer (Strong Nepali),,,
348,2009,Nishana (Target),"Rajesh Hamal, Nikhil Upreti, Rejina Uprety",,
349,2009,Paapi Manche 2 (Sinner 2),"Nikhil Upreti, Sunil Thapa, Pujana Pradhan",Deepak Shrestha,
350,2009,Rachhayak (Saviour),,,
351,2009,Rajya (Kingdom),,,
352,2009,Sahara (Pillar),,,
353,2009,Sandesh (Message),"Rejina Uprety, Biraj Bhatta, Sushil Chhetri, Rekha Thapa, Sovita Simkhada",,
354,2009,Silsila (System),"Rekha Thapa, Biraj,Bhatta, Soniya Kc, Raj",,
355,2009,The Third Generation,,,
356,2009,Kanoon (Law),"Dinesh Sharma, Rajesh Hamal",,
357,2009,Trinetra (Third-Eye),"Nikhil Upreti, Shweta Tiwari",,
358,2009,Mission paisa,"Nikhil Upreti, Nisha Adhikari, Sunil Thapa",,
359,2010,Nai Nabhannu La,"Jeevan Luintel, Richa Singh Thakuri",Bikash Acharya,
360,2010,Basma Chaina Yo Mann,"Biraj Bhatta, Karishma Manandhar, Raj Ballav Koirala, Nandita KC",Ramraja Dahal,
361,2010,Bato Muni Ko Phool,"Yash Kumar, Rekha Thapa, Babu Bogati, Nandita KC",Suroj Subba,
362,2010,Chino (New),"Shiva Shrestha, Biraj Bhatta, Rejina Upreti",,
363,2010,Dasdhunga,"Anup Baral, Kiran Kunwar, Dayahang Rai, Sanchita Luitel, Saugat Malla",Manoj Pandit,
364,2010,Desh Dekhi Bidesh,"Nikhil Upreti, Dilip Rayamajhi, Richa Ghimire, Prerana Sharma, Daman Rupakheti",Narendra Thapa,
365,2010,First Love,"Aryan Sigdel, Karma, Nisha Adhikari, Vinay Shrestha, Reecha Sharma",Simosh Sunuwar,
366,2010,Gorkha Paltan,"Prashant Tamang, Ranjita Gurung, Sunil Thapa",Narayan Rayamajhi,
367,2010,Hansi Deu Ek Phera,"Madan Krishna Shrestha, Hari Bansha Acharya, Raj Ballav Koirala, Shweta Khadka, Sushil Chhetri",Shiva Regmi,
368,2010,Hifajat,"Aryan Sigdel, Rekha Thapa, Aayush Rijal (debut)",Gyanendra Deuja,
369,2010,The Flash Back: Farkera Herda,"Aryan Sigdel, Nikhil Upreti, Yuna Upreti, Neeta Pokharel",Dayaram Dahal,
370,2010,The Yug Dekhi Yug Samma (The Century to Century),"Rajesh Hamal, Nandit KC",Deependra Khanal,
371,2010,Kasle Choryo Mero Mann,Sangay Khampa,,
372,2011,Annadata,"Ramit Dhungana, Dinesh Sharma, Rohan Dhakal, Shibu Singh, Nishan Shahi Dhakal",Niraj Ghimire,
373,2011,Dharmaa,"Rajesh Hamal, Manisha Koirala, Rejina Uprety, Nikhil Uprety",Dipendra Khanal,
374,2011,Khushi,"Rekha Thapa, Suman Singh, Aayush Rijal, Ganesh Upreti",Gyanendra Deuja,
375,2011,Sahara,"Biraj Bhatta, Dilip Rayamajhi, Rekha Thapa, Ramit Dhungana",Pradeep Bhardwoj,
376,2011,Batch No 16,"Suman Singh, Rubi Bhattarai, Sushma Karki, Anup Baral",Abispan,
377,2011,Masan,"Raj Ballav Koirala, Keki Adhikari",N Shah,
378,2011,Farki Aau,"Rajesh Hamal, Niruta Singh",,
379,2011,Parkhi Rakha Hai,"Dil Shrestha, Sanchita Luintel, Melina Manandhar, Mukesh Dhakal",Dil Shrestha,
380,2011,Malai Man Paryo,"Niruta Singh, Raj Ballav Koirala, Jiwan Luitel, Arunima Lamsal",Bhadra Bhujel,
381,2011,Devyani,"Nikhil Upreti, Dilip Rayamajhi, Bimala KC",Bijay Basnet,
382,2011,Hamro Maya Juni Juni Lai,"Shree Krishna Shrestha, Rekha Thapa, Mukesh Dhakal, Nita Dhungana",Rishi Lamichane,
383,2011,Jaba Jaba Maya Bascha,"Jiwan Luitel, Rekha Thapa, Mithila Sharma, Shrijana Basnet",Bijay Thapa,
384,2011,Ma Chu Ni Timro,Rose Rana,,
385,2011,KalaPani,"Jharana Thapa, Sanchita Luintel, Nikhil Upreti, Dilip Rayamajhi",Uddhad Abhidit,
386,2011,Andaaz,"Jeevan Luitel, Rekha Thapa, Sabin Shrestha",Ujwal Ghimire,
387,2011,Acharay,,,
388,2011,Maryo Ni Mayale Maryo,,,
389,2011,Mero Pyaro Maitighar,"Dinesh Sharma, Dilip Ray Majhi",Uday Subba,
390,2011,Shreeman,,,
391,2011,Dulahi,,,
392,2011,Timi Jaha Bhayapani,,,
393,2011,Baghchal,"Rejina Uprety, Santosh Giri, Naresh Bhattarai",,
394,2011,Kina Mayama,,,
395,2011,Aangalo Yo Mayako,,,
396,2012,Namaste,,,
397,2012,Brake Fail,"Rajesh Hamal, Bimlesh Adhikari, Neeraj Baral, Richa Ghimire",Shankar Ghimire,
398,2012,Loot,"Dayahang Rai, Saugat Malla, Karma Shakya, Srijana Subba",Nischal Basnet,
399,2012,Yoddha,"Dinesh Sharma, Rajesh Hamal",Uday Subba,
400,2012,Apabad,"Nisha Adhikari, Raj Ballav Koirala",Subash Koirala,
401,April 2013,Saanghuro,"Shushank Mainali, Deeya Maskey, Aruna Karki, Dayahang Rai, Buddhi Tamang",Joes Pandey,
402,2013,Bardan,"Rajesh Hamal, Karishma Manandhar, Rejina Uprety",,
403,2013,C-Mala (The Necklace),"Manoj RC, Dipti Gurung, Nirvik Rai, Roshani Karki, Rajesh Payal Rai",Rudra Bahadur Gurung,
404,2013,Cha Ekan Cha,"Kedar Ghimire, Sitaram Kattel",Dinesh DC,
405,2013,Manjari,"Gaurav Pahari, Sujata Koirala, Tika Pahari, Bishnu Rimal",Ganesh Dev Panday,
406,2013,Hostel,"Anmol K.C., Prakreeti Shrestha, Gaurav Pahadia, Salon Basnet, Rista Basnet",Hemaraj BC,
407,March 2014,Ritu,"Raj Ballav Koirala, Malina Joshi, Reema Bishwokarma etc.",Manoj Adhikari,
408,2014,Humjayaga,"Babu Bogati, Wilson Bikram Rai Manoj RC, Parbati Rai",Surendra Pun,
409,2014,Madhumas,"Aryan Sigdel, Manoj RC, Pooja Sharma, Shivangini Rana",Sudarshan Thapa,
410,2014,Mukhauta,Arpan Thapa,Rabin Shrestha,
411,2014,Nai Nabhannu La 2,Anubhav Regmi Sugyani Bhattarai,Bikash Acharya,
412,2014,Mutu-The Heart Belongs To You,"Bimlesh Adhikari, Keki Adhikari, Mukesh Acharya",Everest Surya Bohora,
413,2014,Kohinoor,"Shree Krishna Shrestha, Sweta Khadka",,
414,2014,Talakjung vs Tulke,"Khagendra Lamichhane, Reecha Sharma, Shushank Mainali, Rabindra Singh Baniya",Nischal Basnet,
415,November 14,Jerryy,"Anmol K.C., Anna Sharma, Abhisek Man Sherchan, Amalya Sharma",Hemraj BC,
416,December 12,Love You Baba,"Gajit Bista, Sangam Bista",Saugat Bista,
417,2015,Zhigrana[13],"Hanna G, Nikun Shrestha, Menuka Pradhan, Jyoti Karki, Shanti Giri, Arun Regmi, Deewakar Piya, Bina Pandey",,
418,2014,Jwala,"Rejina Uprety, Biraj Bhatta, Mukesh",,
419,2014,Ikshya,Dahayang Rai,Giri Raj Lamichhane,
420,2015,Birano Maya,Shreevev /Namrata Sapkota,Madhab Raj Kharel,
421,2015,Danav,"Dinesh Sharma, Mahima Silwal, Teja Ayer",Dinesh Sharma,
422,2015,Hostel Returns,"Sushil Shrestha, Sashi Shrestha, Nazir Hussain, Swastima Khadka, Sushil Sitaula",,
423,2015,Bhairav[14],"Nikhil Upreti, Anu Shah, Nagendra Rijal, Rekha Thapa (guest role)",Nikhil Upreti,
424,2015,Luv Sab,"Samyam Puri, Karishma Shrestha, Salon Basnet",Dev Kumar Mishra,
425,2015,Wada No. 6,"Deepak Raj Giri, Sitaram Kattel, Priyanka Karki, Jitu Nepal, Daya hang rai, Kedar Ghimire, Shivahari Poudel Deepa Shree Niraula",Ujwal Ghimire,
426,2015,Chankhe Shankhe Pankhe,"Sudarshan Thapa, Prem Puri, Puja Sharma, Rabindra Jha Nandita KC, Pramod Agrahari",Sudarshan Thapa,
427,2015,Aarop,,Amar Oli,
428,2015,Paradeshi,"Prashant Tamang, Rajani KC, Naren Khadka",Narayan Rayamajhi,
429,2015,Kabaddi Kabaddi[18],"Dayahang Rai, Saugat Malla, Risma Gurung",Ram Babu Gurung,
430,2015,Romance,,L N Gautam,
431,2015,Jau Hida Pokhara,Rekha Thapa and Jivan Luitel,Shovit Basnet,
432,September 2016,Gaatho,"Najir Hussain, Namrata Shrestha,Abhay Baral",Suraj Bhusal,
433,2016 October 24,Bonodal (Change) Santali [6][7][9][8][21][11][22][23][24][10][25],"Hasda Bayar ( Kabiraj Hasda ), Kabita Baskey, Mohan Tudu, Rajan Baskey",Kiran Khatiwada,
434,Notes,,,,
435,2018,Sunkesari[26],"Reecha Sharma, Sunny Dhakal, Lauren Lofberg, Rabindra Jha",Arpan Thapa,
436,2018,Durgamandu,"Saniya , Madhab",Madhab Raj Kharel,
437,31 August 2018,Meri Mamu,"Ayub Sen, Kusum Gurung, Saruk Tamrakar, Aaslesha Thakuri",Yam Thapa,
438,14 Dec 2018,Kathaa '72,"Akash Magar, Bhuisal Lama, Supriya Rana",Prabin Syangbo,
439,7 Dec 2018,Prasad,"Bipin Karki, Namrata Shrestha, Nischal Basnet",Dinesh Raut,
440,8 June 2018,Matti Mala[27],"Buddhi Tamang, Rajani Gurung, Priyanka Karki",Teke Paurakhi Rai,
441,"May 24, 2019",Jhatkka,"Surbir Pandit, Rakshya Guragai",Wronit Bee Mizaar,
442,Sep 13 2019,Password,"Sunny Leone, Anoop Bikram Shahi, Bikram Joshi, Buddhi Tamang, Rabindra Jha",Samrat Basnet,
443,"December 6, 2019",Maya Pirim[28],"Salon Basnet, Anjali Adhikari, Koshish Chhetri",Tek Paurakhi Rai,
444,Feb 7 2020,Sanglo,"Biraj Bhatta, Nikita Chandak, Jayananda Lama, Kameshwor Chaurasiya, Prakash Shah",Biraj Bhatta,
445,Feb 7 2020,Selfie King,"Bipin Karki, Laxmi Bardewa, Abhay Baral, Bhuwan Chand,",Bishal Sapkota,
446,Feb 21 2020,Senti Virus,"Sitaram Kattel, Kunjana Ghimire, Dayahang Rai, Wilson Bikram Rai, Buddhi Tamang",Rambabu Gurung,
447,Feb 24 2020,Love Diaries,"Sushil Shrestha, Rubeena Thapa, Bishwojit Rimal",Saurav Chaudhary,
448,March 14 2020,Fichyo,"Beeshwas Gurung, Kashi Ghale (Indra), Sub. Mantri Jung Gurung, Tikaram Ghale, Sita Devi Gurung, Kalyan Magar, Krishna Gurung, D.B Gurung, Pemba Tshering Sherpa, Birup Ghale, Anjana Gurung, Srijana Gurung & Villagers",Bikash Ghale Gurung,
449,2020,LAPPAN CHHAPPAN,"Saugat Malla, Arpan Thapa, Anoop Bikram Shahi",Mukunda Bhatta,
450,2020,Hero Returns (नायक भाग २),"Sabin Shrestha, Rekha Thapa, Dil Shrestha",Ashish Bhetwal,
451,2023,Jaari (film),"Dayahang Rai,Miruna Magar,Bijay Baral",Upendra Subba,
452,2016,Bagamati,Rajesh Hamal,Sunny Kerala,Action
453,2016,Fanko,"Saugat Malla, Keki Adhikari, Dayahang Rai, Priyanka Karki",Shubarna Thapa,Suspense
454,2016,Kafal Pakyo,"Jiwan Luitel, Barsha Raut, Mukesh Acharya",Sabitri Khatri,Melodrama
455,2016,Pashupati Prasad,"Khagendra Lamichhane, Barsha Siwakoti",Dipendra K Khanal,Social Satire
456,2016,Kaifiyat,"Nandita K.C, Nabin Shrestha, CP Poudel, Shankar Shahi Thakuri, Kishan Sunuwar, Sajana Thapa",Dasharat Giri,Melodrama
457,2016,Classic (Nepali movie),"Aaryan Sigdel, Namrata Shrestha, Dayahang Rai, Priyanka Karki",Dinesh Raut,Lovestory
458,2016,Prem Geet (2016),,,"Love story, Comedy"
459,2016,The Soldier,"Rajendra Chaudhary, Diwash Upreti, Jenisha KC",B.S.Balami,Action
460,2016,Dreams (2016 film),"Anmol K.C., Samragyee RL Shah",Diwakar Bhattarai,Lovestory
461,2016,Nai navannu la 4,"Priyanka Karki, Paul Shah, Barsha Raut",Bikash Raj Acharya,Family Drama
462,2016,Baato muniko phool 2,,,Social satire
463,2016,Best Frenz Forever,"Saurav Chaudhary, Manish Neupane Sandip Ghimire, Pinky Sherpa, Sadhana Bhandari, Syaleen Manandhar, Prahik NeupaneInzamam Ali Khan",Utsav Thapaliya,Friendship
464,2016,Dying Candle,"Saugat Malla, Arpan Thapa, Srijana Subba",Naresh Kumar,"Drama, Family"
465,2016,Gajalu,"Anmol K.C., Shristi Shrestha, Gaurav Pahari",Hemraj Bc,"Love story, Social satire"
466,2016,Lukamari,"Saugat Malla, Karma Shakya, Rista Basnet, Subarna Karki",ShreeRam Dahal,Suspense
467,2016,Ma ta timrooi hoon,"Jyotsna Yogi, Aakash Shrestha",Shreeram Mahat,Teen love/Family Drama
468,2016,Ekpal,"Jenisha K.c, Ram Maharjan",Raj Shakya,Love story
469,2016,"Drama, Comedy",,"Sanjog Rana, Purnima Lama, Ryan Lama, Dhan Bor Bamjam (DB), Sanjay Karki, Surbeer Pandit Bharat Puri",Rim Bishwokarma
470,2016,"Drama, Comedy",,"Sushant Karki, Sushil Sitaula Shishir Bhandari Surajani KC Riza Bhushal Sushil Pokhrel RAshmi Bhatta Sarishma Magar Bishal Pahadi Sandesh Magarati Sanjaya Khatri Nutchheman Dangol Ira Bhattarai Lalit Bista .",Rishi Raj Acharya
471,2016,Chapali height 2,"Ayushman Joshi, Paramita Rana, Mariska Pokharel",Dipendra K Khanal,Romantic Thriller
472,2016,The Winner (2016),"Malina Joshi, Manchin Shakya, Mahesh Man Shrestha",Hikmat Bista,Action
473,2016,Chhakka Panja,"Priyanka Karki, Deepak Raj Giri,  Jeetu Nepal, Kedar Ghimire, Buddhi Tamang, Shivahari Paudel, Barsha Raut and Namrata Sapkota",Deepa Shree Niraula,Comedy
474,2016,Gaatho,"Najir Hussain, Abhaya Baral, Namrata Shrestha",Suraj Bhusal,Art
475,2016,Jhumkee,"Manoj RC, Malina Joshi, Rishma Gurung, Dayahang Rai,",Apil Bista,Suspense
476,2016,Junga Bahadur ko coat,"Bimlesh Adhikari, Anup Baral, Suchitra Acharya",Aashish Bhetwal,Action
477,2017,Bhram,"Karma, Bhintuna Joshi, Khusbu Khadka, Suresh Gamal",Rabindra Shahi,"Love, Thriller"
478,2017,Love Sasha,"Karma, Keki Adhikari",Prachanda M Shrestha,Romance
479,2017,King,"Nikhil Upreti, Anoop Bikram Shahi, Benisha Hamal",Sabir Shrestha,Action
480,2017,Karkhana,"Sushil Shrestha, Barsha Siwakoti, Mausami Malla, Amardeep Sapkota",Amardeep Sapkota,"Romance, Action"
481,2017,Lakeside,"Jiwan Luitel, Neeta Dhungana",Raju Adhikari,"Love, Music"
482,2017,Loot 2[1],"Saugat Malla, Karma, Dayahang Rai, Reecha Sharma, Bipin Karki, Kameshwor Chaurasiya, Srijana Subba",Nischal Basnet,"Crime, Action, Thriller"
483,2017,Nirbhaya,"Nikhil Upreti, Neeta Dhungana",Madhusudan Bhattarai,Action
484,2017,Lappan Chappan,"Dayahang Rai, Saugat Malla, Barsha Siwakoti, Arpan Thapa, Shyam Shrestha",Mukunda Bhatta,"Crime, Action, Comedy"
485,2017,Diary,"Rekha Thapa, Chhulthim Gurung, Sunny Singh",Anil Yonjan,"Love, Action"
486,2017,Radhe[2],"Nikhil Upreti, Priyanka Karki",Jagadishwor Thapa,Patritoic Drama
487,2017,Ghampani[3],"Dayahang Rai, Keki Adhikari",Dipendra Lama,Romance
488,2017,Love Love Love,"Suraj Pandey, Swastima Khadka",Dipendra K. Khanal,Love
489,2019,Jay Shree Daam,"Amrit Dhungana, Binod Neupane, Pramod Agrahari, Jebicca Karki",Biplop Upreti,Drama
490,2019,Je Sukai Hos,"Chanda Dahal, Sunil Katuwal, Umesh Gurung","Umesh Gurung, Roshan Shrestha",Drama
491,2019,Chauka Dau,"Barsha Raut, Wilson Bikram Rai, Rabindra Jha, Santosh Panta",Purnendu Kumar Jha,Comedy
492,2019,Villain,"Nikhil Upreti, Shilpa Pokhrel, Nisha Adhikari, Kapil Khatri",Devendra Panday,Action
493,2019,Garud Puran,"Karma Shakya, Najir Hussain, Prakash Ghimire",Subash Koirala,Comedy
494,2019,Aarop,"Kishor Khatiwada, Sanchita Luitel, Rajan Gahatraj",Amar Oli,Action
495,2019,Baina,"Ranjita Limbu, Subash Meche, Surbir Pandit, Uday Subba",Dil Prakash Yakso,Romance
496,2019,Anaagat,"Priyanka Karki, Arpan Thapa, Praween Khatiwada",Samten Bhutia,Thriller
497,2019,"FEB
",Ram Sharan Pathak,100 Kada 10,"Amrit Dhungana, Karuna Shrestha, Manoj Gajurel"
498,2019,Gopi,"Bipin Karki, Barsha Raut, Surakshya Panta, Ankeet Khadka",Dipendra Lama,Drama
499,2019,Ranveer,"Sushil Sitaula, Subeksha Khadka, Supushpa Bhatta, Prashant Tamrakar",Govind Singh Bhandari,Action
500,2019,Summer Love,"Ashish Piya, Rewati Chetri, Suraj Singh Thakuri, Namrata Sapkota",Muskan Dhakal,Romance
501,2019,Bulbul,"Swastima Khadka, Mukun Bhusal, Joes Pandey",Binod Paudel,Romance Comedy
502,2019,Jadugar −2,"Mahadev Tripathi,Surendra K.C., Shiva Shankar Rijal, Resham Firiri",Mahadev Tripathi,Comedy
503,2019,Rumalai Chha Chino,"Sushant Karki, Kishor Khatiwada, Sanchita Luitel, Rashmi Bhatta, Mithila Sharma",Dinesh Singh Thakuri,Action
504,2019,Boyfriend,"Mahima Silwal, Puskar Regmi, Saroj Khanal, Mohan Niraula",Madan Ghimire,Romance
505,2019,Fingerprint,"Aayushma Karki, Deepak Tripathi, Sarita Lamichhane, Ramesh Budhathoki",Nabin Niraula,Drama
506,2019,"MAR
",Diwakar Bhattarai,Captain,"Anmol K.C., Sunil Thapa, Saroj Khanal, Prashant Tamrakar, Wilson Bikram Rai"
507,2019,The Break Up,"Aashirman DS Joshi, Shilpa Maskey, Raymon Das Shrestha, Itchya Karki, Saroj Khanal",Hem Raj B.C.,Romance
508,2019,Khaag,"Prabin Khatiwada, Puskar Gurung, Aashant Sharma, Srijana Adhikari",Manoj Pandit,Social Drama
509,2019,Adalat,Sushma Karki,Dinesh Lingden,Drama
510,2019,The Man from Kathmandu,"Gulshan Grover, Hameed Sheikh, Anna Sharma, Karma Shakya, Neer Shah, Mithila Sharma, Paramita RL Rana",Pema Dhondup,Action
511,2019,Jani Najani,"Manish Shrestha, Sumi Moktan, Nirisha Basnet, Sunny Singh, Roshani K.C.",Basanta Adhikari,Romance
512,2019,Kagaz Patra,"Najir Hussain, Shilpa Maskey, Laxmi Bardewa, Sarita Giri, Bholaraj Sapkota",Apil Bista,Comedy Drama
513,2019,Saili,"Gaurav Pahari, Menuka Pradhan, Dayahang Rai, Maotse Gurung, Prakash Ghimire, Aruna Karki",Ram Babu Gurung,Romance
514,2019,"APR
",Ujwal Ghimire,Love Station,"Pradeep Khadka, Jassita Gurung, Ramesh Budhathoki, Binod Paudel, Saroj Khanal"
515,2019,Premnath,"Gajit Bista, Surbir Pandit, Ganesh Belbase, Kamal Gaule",Ganesh Belbase,Action
516,2019,Jiwan Kanda Ki Phool,"Sarika Ghimire, Rojita Buddhacharya",Binod Bista,biographical film
517,2019,Yatra: A Musical Vlog,"Salin Man Bania,Salon Basnet,Jahanwi Basnet,Prakash Adhikari, Dhiren Shakya",Samrat Shakya,Musical
518,2019,A Mero Hajur 3,"Anmol K.C., Suhana Thapa, Arpan Thapa",Jharana Thapa,Romance
519,2019,"MAY
",Pradeep Bhattarai,Jatrai Jatra,"Bipin Karki, Dayahang Rai, Rabindra Singh Baniya, Nischal Basnet"
520,2019,Daal Bhat Tarkari,"Hari Bansha Acharya, Madan Krishna Shrestha, Wilson Bikram Rai, Niruta Singh",Sudan K.C.,Comedy
521,2019,"15 August
",Hajar Juni Samma,,
522,2019,"13 September
",Password,,
